mean.correlation	Number.of.targets	training.range	validation.range	training.grd.cor	validation.grd.cor
mean.correlation	NA	0.0242779529277426	0.000264023668003155	8.33210273125662e-05	0.0246942648774668	0.145989959560742
Number.of.targets	0.0242779529277426	NA	0.0082726202549479	0.0137113613351962	0.0219668573708733	0.00735316248994877
training.range	0.000264023668003155	0.0082726202549479	NA	1.02140518265514e-14	0.000249536610211987	0.0864790826004334
validation.range	8.33210273125662e-05	0.0137113613351962	1.02140518265514e-14	NA	3.21424893008349e-05	0.00206455132466998
training.grd.cor	0.0246942648774668	0.0219668573708733	0.000249536610211987	3.21424893008349e-05	NA	0
validation.grd.cor	0.145989959560742	0.00735316248994877	0.0864790826004334	0.00206455132466998	0	NA
