mean.correlation	Number.of.targets	training.range	validation.range	training.grd.cor	validation.grd.cor
mean.correlation	1	0.290627673977095	0.454532153919705	0.485791756998219	0.28981930443621	0.189972553602642
Number.of.targets	0.290627673977095	1	0.337933184251575	0.316623620093088	0.29534081453768	0.342701854347614
training.range	0.454532153919705	0.337933184251575	1	0.804126927870823	0.456133693097715	0.223205138188266
validation.range	0.485791756998219	0.316623620093088	0.804126927870823	1	0.509507544994282	0.390050564922603
training.grd.cor	0.28981930443621	0.29534081453768	0.456133693097715	0.509507544994282	1	0.854455943107871
validation.grd.cor	0.189972553602642	0.342701854347614	0.223205138188266	0.390050564922603	0.854455943107871	1
