mean.correlation	Number.of.targets	training.range	validation.range	training.grd.cor	validation.grd.cor
mean.correlation	1	0.292410813460303	0.452457551779603	0.485867497056661	0.291921113434723	0.197072476755188
Number.of.targets	0.292410813460303	1	0.337933184251575	0.316623620093088	0.29534081453768	0.342701854347614
training.range	0.452457551779603	0.337933184251575	1	0.804126927870823	0.456133693097715	0.223205138188266
validation.range	0.485867497056661	0.316623620093088	0.804126927870823	1	0.509507544994282	0.390050564922603
training.grd.cor	0.291921113434723	0.29534081453768	0.456133693097715	0.509507544994282	1	0.854455943107871
validation.grd.cor	0.197072476755188	0.342701854347614	0.223205138188266	0.390050564922603	0.854455943107871	1
