mean.correlation	Number.of.targets	training.range	validation.range	training.grd.cor	validation.grd.cor
mean.correlation	NA	0.0233805407298737	0.000283930649676911	8.30771127708907e-05	0.0236241568894322	0.131235121931549
Number.of.targets	0.0233805407298737	NA	0.0082726202549479	0.0137113613351962	0.0219668573708733	0.00735316248994877
training.range	0.000283930649676911	0.0082726202549479	NA	1.02140518265514e-14	0.000249536610211987	0.0864790826004334
validation.range	8.30771127708907e-05	0.0137113613351962	1.02140518265514e-14	NA	3.21424893008349e-05	0.00206455132466998
training.grd.cor	0.0236241568894322	0.0219668573708733	0.000249536610211987	3.21424893008349e-05	NA	0
validation.grd.cor	0.131235121931549	0.00735316248994877	0.0864790826004334	0.00206455132466998	0	NA
